WGU Course,WGU Course Name,External Course,Provider,Transfer Status
BYT1,Physics: Mechanics,PHYS102 (SAYA-0030),Saylor,No
BYT1,Physics: Mechanics,Physics 112 (SDCM-0102),Study,No
C100,Introduction to Humanities,Art 103 (SDCM-0167),Study,No
C100,Introduction to Humanities,Art 104 (SDCM-0168),Study,No
C100,Introduction to Humanities,ARTH101 (SAYA-0036),Saylor,No
C100,Introduction to Humanities,ARTHIST1001 (SOPH-0006),Sophia,No
C100,Introduction to Humanities,ARTHIST1002 (SOPH-0029),Sophia,No
C100,Introduction to Humanities,BUS 106 (OOSL-0014),Straighterline,No
C100,Introduction to Humanities,DLSI-0006 Ethics,DLSI,No
C100,Introduction to Humanities,DLSI-0009 Introduction to Humanities,DLSI,No
C100,Introduction to Humanities,DLSI-0011 Introduction to World Religions,DLSI,No
C100,Introduction to Humanities,DLSI-0019 American Literature,DLSI,No
C100,Introduction to Humanities,DLSI-0020 Introduction to Philosophy,DLSI,No
C100,Introduction to Humanities,DLSI-0027 Life and Teachings of Apostle Paul,DLSI,No
C100,Introduction to Humanities,English 101 (SDCM-0056),Study,No
C100,Introduction to Humanities,English 102 (SDCM-0087),Study,No
C100,Introduction to Humanities,English 103 (SDCM-0088),Study,No
C100,Introduction to Humanities,English 301 (SDCM-0237),Study,No
C100,Introduction to Humanities,English 310 (SDCM-0130),Study,No
C100,Introduction to Humanities,ENVS203 (SAYA-004),Saylor,No
C100,Introduction to Humanities,Humanities 101 (SDCM-0047),Study,No
C100,Introduction to Humanities,PHIL1001 (SOPH-0027),Sophia,No
C100,Introduction to Humanities,PHIL1002 (SOPH-0020),Sophia,No
C100,Introduction to Humanities,PHIL101 (OOSL-0060),Straighterline,No
C100,Introduction to Humanities,PHIL102 (SAYA-0045),Saylor,No
C100,Introduction to Humanities,PHIL103 (SAYA-0011),Saylor,No
C100,Introduction to Humanities,Philosophy 101 (SDCM-0132),Study,No
C100,Introduction to Humanities,Philosophy 102 (SDCM-0160),Study,No
C100,Introduction to Humanities,Philosophy 103 (SDCM-0161),Study,No
C100,Introduction to Humanities,POLSC201 (SAYA-0033),Saylor,No
C100,Introduction to Humanities,REL1001 (SOPH-0008),Sophia,No
C100,Introduction to Humanities,REL101 (OOSL-0066),Straighterline,No
C100,Introduction to Humanities,Religion 101 (SDCM-0046),Study,No
C100,Introduction to Humanities,Social Science 108 (SDCM-0185),Study,No
C100,Introduction to Humanities,VISCOMM1001 (SOPH-0009),Sophia,No
C100,Introduction to Humanities,Business 108 (SDCM-0051),Study,No
C100,Introduction to Humanities,Business 310 (SDCM-0118),Study,No
C100,Introduction to Humanities,Business 318 (SDCM-0142),Study,No
C100,Introduction to Humanities,Humanities 201 (SDCM-0243),Study,No
C107,Anatomy and Physiology I,BIO201 (OOSL-0028) and BIO201L (OOSL-0083),Straighterline,No
C107,Anatomy and Physiology I,BIOL1411,Concorde,No
C107,Anatomy and Physiology I,DLSI-0035 Anatomy and Physiology I & DLSI-0036 Anatomy and Physiology I Lab,DLSI,No
C107,Anatomy and Physiology I,Biology 201L (SDCM-0246),Study,No
C121,Survey of United States History,DLSI-0008 History of United States I: Early Colonization to 1877,DLSI,No
C121,Survey of United States History,HIST1001 (SOPH-0022),Sophia,No
C121,Survey of United States History,HIST1002 (SOPH-0025),Sophia,No
C121,Survey of United States History,USHIST101 (OOSL-0039),Straighterline,No
C121,Survey of United States History,USHIST102 (OOSL-0044),Straighterline,No
C121,Survey of United States History,History 103 (SDCM-0012),Study,No
C121,Survey of United States History,History 104 (SDCM-0039),Study,No
C121,Survey of United States History,History 105 (SDCM-0155),Study,No
C121,Survey of United States History,USHIST101,WGU Academy,No
C165,Integrated Physical Sciences,Astronomy 101 (SDCM-0189),Study,No
C165,Integrated Physical Sciences,BIO101 (OOSL-0017),Straighterline,No
C165,Integrated Physical Sciences,BIO101 (SAYA-0019),Saylor,No
C165,Integrated Physical Sciences,BIO101B (SAYA-0002),Saylor,No
C165,Integrated Physical Sciences,BIO101B (SAYA-0019),Saylor,No
C165,Integrated Physical Sciences,BIO201 (OOSL-0028) ,Straighterline,No
C165,Integrated Physical Sciences,BIO202 (OOSL-0030),Straighterline,No
C165,Integrated Physical Sciences,BIO250 (OOSL-0047),Straighterline,No
C165,Integrated Physical Sciences,Biology 201L (SDCM-0246),Study,No
C165,Integrated Physical Sciences,Biology 202L (SDCM-0247),Study,No
C165,Integrated Physical Sciences,CHEM1001 (SOPH-0056),Sophia,No
C165,Integrated Physical Sciences,CHEM101,WGU Academy,No
C165,Integrated Physical Sciences,CHEM101 (OOSL-0015),Straighterline,No
C165,Integrated Physical Sciences,CHEM101 (SAYA-0028),Saylor,No
C165,Integrated Physical Sciences,Chemistry 101 (SDCM-0028),Study,No
C165,Integrated Physical Sciences,Chemistry 111L (SDCM-0194),Study,No
C165,Integrated Physical Sciences,Chemistry 112L (SDCM-0195),Study,No
C165,Integrated Physical Sciences,DLSI-0002 Biology,DLSI,No
C165,Integrated Physical Sciences,DLSI-0013 Microbiology,DLSI,No
C165,Integrated Physical Sciences,DLSI-0028 Pathophysiology,DLSI,No
C165,Integrated Physical Sciences,DLSI-0035 Anatomy and Physiology I,DLSI,No
C165,Integrated Physical Sciences,DLSI-0037 Anatomy and Physiology II,DLSI,No
C165,Integrated Physical Sciences,Earth Science 101 (SDCM-0029),Study,No
C165,Integrated Physical Sciences,Earth Science 104 (SDCM-0174),Study,No
C165,Integrated Physical Sciences,ENV101 (OOSL-0055),Straighterline,No
C165,Integrated Physical Sciences,ENVS1001 (SOPH-0016),Sophia,No
C165,Integrated Physical Sciences,Geology 101 (SDCM-0031),Study,No
C165,Integrated Physical Sciences,HUMBIO1001 (SOPH-0002),Sophia,No
C165,Integrated Physical Sciences,PHY102 (SAYA-0030),Saylor,No
C165,Integrated Physical Sciences,PHY250 (OOSL-0023),Straighterline,No
C165,Integrated Physical Sciences,PHYS101 (SAYA-0031),Saylor,No
C165,Integrated Physical Sciences,PHYS102 (SAYA-0030),Saylor,No
C165,Integrated Physical Sciences,Physics 101 (SDCM-0138),Study,No
C165,Integrated Physical Sciences,Physics 111 (SDCM-0101),Study,No
C165,Integrated Physical Sciences,Physics 112 (SDCM-0102),Study,No
C165,Integrated Physical Sciences,Science 102 (SDCM-0035),Study,No
C165,Integrated Physical Sciences,Biology 101 (SDCM-0001),Study,No
C165,Integrated Physical Sciences,Biology 101L (SDCM-0188),Study,No
C165,Integrated Physical Sciences,Biology 102 (SDCM-0022),Study,No
C165,Integrated Physical Sciences,Biology 103 (SDCM-0002),Study,No
C165,Integrated Physical Sciences,Biology 105 (SDCM-0003),Study,No
C165,Integrated Physical Sciences,Biology 106 (SDCM-0023),Study,No
C165,Integrated Physical Sciences,Biology 107L (SDCM-0242),Study,No
C165,Integrated Physical Sciences,Environmental Science 101 (SDCM-0005),Study,No
C165,Integrated Physical Sciences,Genetics 101 (SDCM-0062),Study,No
C165,Integrated Physical Sciences,Science 101 (SDCM-0004),Study,No
C168,Critical Thinking and Logic,CMC 232 (DAU-0284) & CMC 130 (DAU-0283),DAU,No
C168,Critical Thinking and Logic,Humanities 201 (SDCM-0243),Study,No
C168,Critical Thinking and Logic,PHIL102 (SAYA-0045),Saylor,No
C168,Critical Thinking and Logic,PHIL1310,Concorde,No
C168,Critical Thinking and Logic,Retail Management,Retail Mgt Cert,No
C170,Data Management - Applications,Computer Science 204 (SDCM-0218),Study,No
C170,Data Management - Applications,Cyber Opts,Per Scholas,No
C170,Data Management - Applications,CyberSecurity,Per Scholas,No
C170,Data Management - Applications,NOC Analyst,Per Scholas,No
C172,Network and Security - Foundations,Computer Science 108 (SDCM-0213),Study,No
C172,Network and Security - Foundations,CS402 (SAYA-0016),Saylor,No
C172,Network and Security - Foundations,IT Career Framework,edX,No
C172,Network and Security - Foundations,IT151 (OOSL-0102),Straighterline,No
C172,Network and Security - Foundations,Network Security,Per Scholas,No
C172,Network and Security - Foundations,Network Support,Per Scholas,No
C172,Network and Security - Foundations,Computer Science 202 (SDCM-0200),Study,No
C173,Scripting and Programming - Foundations,AWS Re/Start Cloud Fundamentals,Per Scholas,No
C173,Scripting and Programming - Foundations,Computer Science 109 (SDCM-0214),Study,No
C173,Scripting and Programming - Foundations,Computer Science 112 (SDCM-0198),Study,No
C173,Scripting and Programming - Foundations,Computer Science 115 (SDCM-0199),Study,No
C173,Scripting and Programming - Foundations,CS101 (OOSL-0069),Straighterline,No
C173,Scripting and Programming - Foundations,CS107 (SAYA-0017),Saylor,No
C173,Scripting and Programming - Foundations,IT Career Framework,edX,No
C175,Data Management - Foundations,CodeBridge,Per Scholas,No
C175,Data Management - Foundations,Computer Science 103 (SDCM-0240),Study,No
C175,Data Management - Foundations,Computer Science 107 (SDCM-0212),Study,No
C175,Data Management - Foundations,CS1011 (SOPH-0047),Sophia,No
C175,Data Management - Foundations,Cyber Opts,Per Scholas,No
C175,Data Management - Foundations,CyberSecurity,Per Scholas,No
C175,Data Management - Foundations,IT104 (OOSL-0106),Straighterline,No
C175,Data Management - Foundations,NOC Analyst,Per Scholas,No
C175,Data Management - Foundations,Software Engineering,Per Scholas,No
C175,Data Management - Foundations,Analytics 103 (SDCM-0240),Study,No
C175,Data Management - Foundations,Computer Science 303 (SDCM-0164),Study,No
C176,Business of IT - Project Management,BUS402 (SAYA-0039),Saylor,No
C176,Business of IT - Project Management,Business 311 (SDCM-0073),Study,No
C176,Business of IT - Project Management,EVM 263 (DAU-0299) & ACQ 160 (DAU-0298),DAU,No
C176,Business of IT - Project Management,PM1001 (SOPH-0013),Sophia,No
C176,Business of IT - Project Management,PMP,PMI,No
C176,Business of IT - Project Management,PMT 257 (DAU-0301),DAU,No
C176,Business of IT - Project Management,Project+,Comptia,No
C178,Network and Security - Applications,Security+,Comptia,No
C180,Introduction to Psychology,DLSI-0010 Introduction to Psychology,DLSI,No
C180,Introduction to Psychology,PSY101,Argosy,No
C180,Introduction to Psychology,PSY101 (OOSL-0027),Straighterline,No
C180,Introduction to Psychology,PSYC1010 (SOPH-0048),Sophia,No
C180,Introduction to Psychology,PSYC1310,Concorde,No
C180,Introduction to Psychology,PSYCH101 (SAYA-0007),Saylor,No
C180,Introduction to Psychology,Psychology 101 (SDCM-0017),Study,No
C180,Introduction to Psychology,Psychology 310 (SDCM-0180),Study,No
C180,Introduction to Psychology,PSYCHOLOGY 315 (SDCM-0184,Study,No
C180,Introduction to Psychology,PSY101,WGU Academy,No
C181,Survey of United States Constitution and Government,CIV101 (OOSL-0040),Straighterline,No
C181,Survey of United States Constitution and Government,CIV102 (OOSL-0043),Straighterline,No
C181,Survey of United States Constitution and Government,DLSI-0021 Introduction to Macroeconomics,DLSI,No
C181,Survey of United States Constitution and Government,DLSI-0022 American Government,DLSI,No
C181,Survey of United States Constitution and Government,DLSI-0025 Introduction to Microeconomics,DLSI,No
C181,Survey of United States Constitution and Government,ECON1001 (SOPH-0012),Sophia,No
C181,Survey of United States Constitution and Government,ECON1002 (SOPH-0011),Sophia,No
C181,Survey of United States Constitution and Government,HIST1001 (SOPH-0022),Sophia,No
C181,Survey of United States Constitution and Government,HIST1002 (SOPH-0025),Sophia,No
C181,Survey of United States Constitution and Government,MACROECONOMICS (OOSL-0007),Straighterline,No
C181,Survey of United States Constitution and Government,MICROECONOMICS (OOSL-0008),Straighterline,No
C181,Survey of United States Constitution and Government,POLS101 (OOSL-0063),Straighterline,No
C181,Survey of United States Constitution and Government,SURVEY OF WORLD HISTORY (OOSL-0092),Straighterline,No
C181,Survey of United States Constitution and Government,USHIST101 (OOSL-0039),Straighterline,No
C181,Survey of United States Constitution and Government,USHIST102 (OOSL-0044),Straighterline,No
C181,Survey of United States Constitution and Government,Economics 101 (SDCM-0069),Study,No
C181,Survey of United States Constitution and Government,Economics 102 (SDCM-0060),Study,No
C181,Survey of United States Constitution and Government,History 100 (SDCM-0154),Study,No
C181,Survey of United States Constitution and Government,History 101 (SDCM-0011),Study,No
C181,Survey of United States Constitution and Government,History 102 (SDCM-0038),Study,No
C181,Survey of United States Constitution and Government,History 103 (SDCM-0012),Study,No
C181,Survey of United States Constitution and Government,History 104 (SDCM-0039),Study,No
C181,Survey of United States Constitution and Government,History 105 (SDCM-0155),Study,No
C181,Survey of United States Constitution and Government,History 106 (SDCM-0040),Study,No
C181,Survey of United States Constitution and Government,History 108 (SDCM-0041),Study,No
C181,Survey of United States Constitution and Government,History 306 (SDCM-0065),Study,No
C181,Survey of United States Constitution and Government,History 307 (SDCM-0156),Study,No
C181,Survey of United States Constitution and Government,History 308 (SDCM-0066),Study,No
C181,Survey of United States Constitution and Government,History 309 (SDCM-0157),Study,No
C181,Survey of United States Constitution and Government,History 311 (SDCM-0158),Study,No
C181,Survey of United States Constitution and Government,Political Science 101 (SDCM-0133),Study,No
C181,Survey of United States Constitution and Government,Political Science 102 (SDCM-0042),Study,No
C181,Survey of United States Constitution and Government,Political Science 103 (SDCM-0159),Study,No
C181,Survey of United States Constitution and Government,POLS101,WGU Academy,No
C182,Introduction to IT,Business 109 (SDCM-0010),Study,No
C182,Introduction to IT,Computer Science 102 (SDCM-0165),Study,No
C182,Introduction to IT,CS1001 (SOPH-0023),Sophia,No
C182,Introduction to IT,IT Career Framework,edX,No
C182,Introduction to IT,IT Support,Per Scholas,No
C182,Introduction to IT,IT101 (OOSL-0090),Straighterline,No
C182,Introduction to IT,Network Support,Per Scholas,No
C188,Software Engineering,Computer Science 307 (SDCM-0220),Study,No
C188,Software Engineering,CS302 (SAYA-0018),Saylor,No
C190,Introduction to Biology,BIO101 (OOSL-0017),Straighterline,No
C190,Introduction to Biology,BIO101 (SAYA-0002),Saylor,No
C190,Introduction to Biology,BIO101 (SAYA-0019),Saylor,No
C190,Introduction to Biology,Biology 101 (SDCM-0001),Study,No
C190,Introduction to Biology,Biology 101L (SDCM-0188),Study,No
C190,Introduction to Biology,DLSI-0002 Biology,DLSI,No
C190,Introduction to Biology,HUMBIO1001 (SOPH-0002),Sophia,No
C190,Introduction to Biology,BIO101,WGU Academy,No
C191,Operating Systems for Programmers,Computer Science 106 (SDCM-0226),Study,No
C191,Operating Systems for Programmers,IT Support,Per Scholas,No
C217,Human Growth and Development Across the Lifespan,DLSI-0012 Developmental Psychology,DLSI,No
C217,Human Growth and Development Across the Lifespan,PSY120 (OOSL-0107),Straighterline,No
C217,Human Growth and Development Across the Lifespan,PSYC1320,Concorde,No
C217,Human Growth and Development Across the Lifespan,Psychology 103 (SDCM-0019),Study,No
C217,Human Growth and Development Across the Lifespan,Psychology 107 (SDCM-0044),Study,No
C232,Introduction to Human Resource Management,Human Resource Management,Retail Mgt Cert,No
C232,Introduction to Human Resource Management,Business 106 (SDCM-0026),Study,No
C232,Introduction to Human Resource Management,Business 306 (SDCM-0071),Study,No
C232,Introduction to Human Resource Management,Health 310 (SDCM-0169),Study,No
C233,Employment Law,Business 314 (SDCM-0085),Study,No
C237,Taxation I,H and R Certificate,H&R Block,No
C255,Introduction to Geography,ANTH101 (OOSL-0046),Straighterline,No
C255,Introduction to Geography,CIV101 (OOSL-0040),Straighterline,No
C255,Introduction to Geography,CIV102 (OOSL-0043),Straighterline,No
C255,Introduction to Geography,CIV103 (OOSL-0092),Straighterline,No
C255,Introduction to Geography,CJ101 (OOSL-0004),Straighterline,No
C255,Introduction to Geography,Criminal Justice 101 (SDCM-0067),Study,No
C255,Introduction to Geography,DLSI-0008 History of U.S. I: Early Colonization To 1877,DLSI,No
C255,Introduction to Geography,DLSI-0010 Introduction to Psychology,DLSI,No
C255,Introduction to Geography,DLSI-0012 Developmental Psychology,DLSI,No
C255,Introduction to Geography,DLSI-0015 Introduction to Sociology,DLSI,No
C255,Introduction to Geography,DLSI-0021 Introduction to Macroeconomics,DLSI,No
C255,Introduction to Geography,DLSI-0023 Introduction to Anthropology,DLSI,No
C255,Introduction to Geography,DLSI-0025 Introduction to Microeconomics,DLSI,No
C255,Introduction to Geography,DLSI-0033 Western Civilization I: Ancient Near East Through 1648,DLSI,No
C255,Introduction to Geography,ECON1001 (SOPH-0012),Sophia,No
C255,Introduction to Geography,ECON1002 (SOPH-0011),Sophia,No
C255,Introduction to Geography,ECON101 (OOSL-0007),Straighterline,No
C255,Introduction to Geography,ECON101 (SAYA-0005),Saylor,No
C255,Introduction to Geography,ECON102 (OOSL-0008),Straighterline,No
C255,Introduction to Geography,ECON102 (SAYA-0006),Saylor,No
C255,Introduction to Geography,Economics 101 (SDCM-0069),Study,No
C255,Introduction to Geography,Economics 102 (SDCM-0060),Study,No
C255,Introduction to Geography,GEOG101 (SAYA-0044),Saylor,No
C255,Introduction to Geography,Geography 101 (SDCM-0037),Study,No
C255,Introduction to Geography,HIST1001 (SOPH-0022),Sophia,No
C255,Introduction to Geography,HIST1002 (SOPH-0025),Sophia,No
C255,Introduction to Geography,HIST1010 (SOPH-0042),Sophia,No
C255,Introduction to Geography,History 100 (SDCM-0154),Study,No
C255,Introduction to Geography,History 101 (SDCM-0011),Study,No
C255,Introduction to Geography,History 102 (SDCM-0038),Study,No
C255,Introduction to Geography,History 105 (SDCM-0155),Study,No
C255,Introduction to Geography,History 106 (SDCM-0040),Study,No
C255,Introduction to Geography,History 108 (SDCM-0041),Study,No
C255,Introduction to Geography,History 306 (SDCM-0065),Study,No
C255,Introduction to Geography,History 307 (SDCM-0156),Study,No
C255,Introduction to Geography,History 308 (SDCM-0066),Study,No
C255,Introduction to Geography,History 309 (SDCM-0157),Study,No
C255,Introduction to Geography,History 311 (SDCM-0158),Study,No
C255,Introduction to Geography,Political Science 101 (SDCM-0133),Study,No
C255,Introduction to Geography,Political Science 103 (SDCM-0159),Study,No
C255,Introduction to Geography,POLSC101 (SAYA-0012),Saylor,No
C255,Introduction to Geography,POLSC221 (SAYA-0029),Saylor,No
C255,Introduction to Geography,PSY1001 (SOPH-0003),Sophia,No
C255,Introduction to Geography,PSY101 (OOSL-0027),Straighterline,No
C255,Introduction to Geography,PSY120 (OOSL-0107),Straighterline,No
C255,Introduction to Geography,PSYC1010 (SOPH-0048),Sophia,No
C255,Introduction to Geography,PSYCH101 (SAYA-0007),Saylor,No
C255,Introduction to Geography,Psychology 101 (SDCM-0017),Study,No
C255,Introduction to Geography,Psychology 102 (SDCM-0018),Study,No
C255,Introduction to Geography,Psychology 103 (SDCM-0019),Study,No
C255,Introduction to Geography,Psychology 104 (SDCM-0020),Study,No
C255,Introduction to Geography,Psychology 105 (SDCM-0043),Study,No
C255,Introduction to Geography,Psychology 106 (SDCM-0021),Study,No
C255,Introduction to Geography,Psychology 107 (SDCM-0044),Study,No
C255,Introduction to Geography,Psychology 108 (SDCM-0045),Study,No
C255,Introduction to Geography,Psychology 301 (SDCM-0134),Study,No
C255,Introduction to Geography,Psychology 302 (SDCM-0179),Study,No
C255,Introduction to Geography,Psychology 306 (SDCM-0178),Study,No
C255,Introduction to Geography,Psychology 310 (SDCM-0180),Study,No
C255,Introduction to Geography,Psychology 311 (SDCM-0181),Study,No
C255,Introduction to Geography,Psychology 312 (SDCM-0135),Study,No
C255,Introduction to Geography,Psychology 315 (SDCM-0184),Study,No
C255,Introduction to Geography,Psychology 316 (SDCM-0182),Study,No
C255,Introduction to Geography,SOC1001 (SOPH-0004),Sophia,No
C255,Introduction to Geography,SOC101 (OOSL-0035),Straighterline,No
C255,Introduction to Geography,SOC101 (SAYA-0008),Saylor,No
C255,Introduction to Geography,SOCI1010 (SOPH-0051),Sophia,No
C255,Introduction to Geography,Sociology 101 (SDCM-0048),Study,No
C255,Introduction to Geography,Sociology 103 (SDCM-0103),Study,No
C255,Introduction to Geography,Sociology 305 (SDCM-0186),Study,No
C255,Introduction to Geography,USHIST 102 (OOSL-0044),Straighterline,No
C255,Introduction to Geography,USHIST101,WGU Academy,No
C255,Introduction to Geography,USHIST101 (OOSL-0039),Straighterline,No
C255,Introduction to Geography,USHIST102 (OOSL-0044),Straighterline,No
C264,Climate Change,ENV101 (OOSL-0055),Straighterline,No
C264,Climate Change,ENVS1001 (SOPH-0016),Sophia,No
C264,Climate Change,Environmental Science 101 (SDCM-0005),Study,No
C273,Introduction to Sociology,ANTH101 (OOSL-0046),Straighterline,No
C273,Introduction to Sociology,DLSI-0015 Introduction to Sociology,DLSI,No
C273,Introduction to Sociology,DLSI-0023 Introduction to Anthropology,DLSI,No
C273,Introduction to Sociology,SOC101 (OOSL-0035),Straighterline,No
C273,Introduction to Sociology,SOC101 (SAYA-0008),Saylor,No
C273,Introduction to Sociology,SOC1010 (SOPH-0051),Sophia,No
C273,Introduction to Sociology,SOC110,Argosy,No
C273,Introduction to Sociology,SOCI1010 (SOPH-0051),Sophia,No
C273,Introduction to Sociology,SOCI1310,Concorde,No
C273,Introduction to Sociology,Sociology 101 (SDCM-0048),Study,No
C273,Introduction to Sociology,SOC101,WGU Academy,No
C277,Finite Mathematics,Math 108 (SDCM-0210),Study,No
C278,College Algebra,CA1001 (SOPH-0001),Sophia,No
C278,College Algebra,MA005 (SAYA-0025),Saylor,No
C278,College Algebra,MAT101 (OOSL-0002),Straighterline,No
C278,College Algebra,MAT201 (OOSL-0003),Straighterline,No
C278,College Algebra,MAT250 (OOSL-0012),Straighterline,No
C278,College Algebra,MAT251 (OOSL-0019),Straighterline,No
C278,College Algebra,Math 101 (SDCM-0013),Study,No
C278,College Algebra,Math 103 (SDCM-0015),Study,No
C278,College Algebra,Math 104 (SDCM-0016),Study,No
C278,College Algebra,Math 105 (SDCM-0033),Study,No
C280,Probability and Statistics I,BUS204 (SAYA-0037),Saylor,No
C280,Probability and Statistics I,DLSI-0030 Statistics,DLSI,No
C280,Probability and Statistics I,MA121 (SAYA-0032),Saylor,No
C280,Probability and Statistics I,MAT150 (OOSL-0011),Straighterline,No
C280,Probability and Statistics I,MAT202 (OOSL-0070),Straighterline,No
C280,Probability and Statistics I,STAT1001 (SOPH-0005),Sophia,No
C280,Probability and Statistics I,Statistics 101 (SDCM-0068),Study,No
C280,Probability and Statistics I,Business 212 (SDCM-0225),Study,No
C282,Calculus I,Math 104 (SDCM-0016),Study,No
C283,Calculus II,MAT251 (OOSL-0019),Straighterline,No
C373,General Chemistry I with Lab,CHEM101 (OOSL-0015) and CHEM101L (OOSL-0016),Straighterline,No
C373,General Chemistry I with Lab,Chemistry 111L (SDCM-0194),Study,No
C374,General Chemistry II with Lab,Chemistry 112L (SDCM-0195),Study,No
C375,Survey of World History,CIV101 (OOSL-0040),Straighterline,No
C375,Survey of World History,CIV102 (OOSL-0043),Straighterline,No
C375,Survey of World History,CIV103 (OOSL-0092),Straighterline,No
C375,Survey of World History,DLSI-0033 Western Civilization I: Ancient Near East Through 1648,DLSI,No
C375,Survey of World History,History 100 (SDCM-0154),Study,No
C375,Survey of World History,History 101 (SDCM-0011),Study,No
C375,Survey of World History,History 102 (SDCM-0038),Study,No
C393,IT Foundations,A+ 1001 - Foundations,Comptia,No
C393,IT Foundations,IT Support,Per Scholas,No
C393,IT Foundations,Network Support,Per Scholas,No
C394,IT Applications,A+ 1002 - Applications,Comptia,No
C394,IT Applications,IT Support,Per Scholas,No
C394,IT Applications,Network Support,Per Scholas,No
C405,Anatomy and Physiology II,BIO202 (OOSL-0030) and BIO202L (OOSL-0084),Straighterline,No
C405,Anatomy and Physiology II,BIOL1421,Concorde,No
C405,Anatomy and Physiology II,DLSI-0037 Anatomy and Physiology II & DLSI-0038 Anatomy and Physiology II Lab,DLSI,No
C405,Anatomy and Physiology II,Biology 202L (SDCM-0247),Study,No
C453,Clinical Microbiology,BIO250 (OOSL-0047) and  BIO250L (OOSL-0086),Straighterline,No
C453,Clinical Microbiology,DLSI-0013 Microbiology & DLSI-0039 Microbiology Lab,DLSI,No
C453,Clinical Microbiology,Biology 101 (SDCM-0001),Study,No
C453,Clinical Microbiology,Biology 101L (SDCM-0188),Study,No
C455,English Composition I,DLSI-0017 English Composition 1,DLSI,No
C455,English Composition I,ENG0050 (SOPH-0019),Sophia,No
C455,English Composition I,ENG1001 (SOPH-0015),Sophia,No
C455,English Composition I,ENG101,WGU Academy,No
C455,English Composition I,ENG101 (OOSL-0005),Straighterline,No
C455,English Composition I,ENGL001 (SAYA-0042),Saylor,No
C455,English Composition I,ENGL1310,Concorde,No
C455,English Composition I,English 104 (SDCM-0057),Study,No
C455,English Composition I,English 204 (SDCM-0244),Study,No
C456,English Composition II,DLSI-0018 English Composition 2,DLSI,No
C456,English Composition II,ENG 1020 (SOPH-0049),Sophia,No
C456,English Composition II,ENG1002 (SOPH-0030),Sophia,No
C456,English Composition II,ENG102 (OOSL-0006),Straighterline,No
C456,English Composition II,English 105 (SDCM-0089),Study,No
C456,English Composition II,English 205 (SDCM-0245),Study,No
C458,"Health, Fitness, and Wellness",Health 101 (SDCM-0032),Study,No
C458,"Health, Fitness, and Wellness",Nutrition 101 (SDCM-0034),Study,No
C458,"Health, Fitness, and Wellness",DLSI-0007 Health and Human Development,DLSI,No
C458,"Health, Fitness, and Wellness",DLSI-0026 Nutrition,DLSI,No
C458,"Health, Fitness, and Wellness",NUTRI101 (OOSL-0034),Straighterline,No
C464,Introduction to Communication,BUS105 (OOSL-0014),Straighterline,No
C464,Introduction to Communication,Business Communication Skills for Manager,Retail Mgt Cert,No
C464,Introduction to Communication,COM101 (OOSL-0052),Straighterline,No
C464,Introduction to Communication,COMM001 (SAYA-0010),Saylor,No
C464,Introduction to Communication,COMM1002 (SOPH-0024),Sophia,No
C464,Introduction to Communication,COMM1010 (SOPH-0034),Sophia,No
C464,Introduction to Communication,Communications 101 (SDCM-0055),Study,No
C464,Introduction to Communication,Communications 102 (SDCM-0122),Study,No
C464,Introduction to Communication,Communications 301 (SDCM-0187),Study,No
C464,Introduction to Communication,DLSI-0029 Fundamentals of Public Speaking,DLSI,No
C464,Introduction to Communication,PACA 101,WGU Academy,No
C464,Introduction to Communication,SPAN101 (OOSL-0067),Straighterline,No
C464,Introduction to Communication,SPAN102 (OOSL-0068),Straighterline,No
C464,Introduction to Communication,Spanish 101 (SDCM-0104),Study,No
C464,Introduction to Communication,Spanish 102 (SDCM-0113),Study,No
C464,Introduction to Communication,Spanish 105 (SDCM-0080),Study,No
C464,Introduction to Communication,Business 113 (SDCM-0052),Study,No
C464,Introduction to Communication,Business 324 (SDCM-0140),Study,No
C464,Introduction to Communication,PACA101,WGU Academy,No
C464,Introduction to Communication,COM101,WGU Academy,No
C467,Pharmacology,DLSI-0034 Pharmacology,DLSI,No
C467,Pharmacology,PHARM103 (OOSL-0101),Straighterline,No
C480,Networks,Network+,Comptia,No
C483,Principles of Management,ACQ 453 (DAU-0274) & ACQ 450 (DAU-0271),DAU,No
C483,Principles of Management,BUS201 (OOSL-0051),Straighterline,No
C483,Principles of Management,BUS208 (SAYA 0035),Saylor,No
C483,Principles of Management,BUS208 (SAYA-0035),Saylor,No
C483,Principles of Management,BUSI1013 (SOPH-0054),Sophia,No
C483,Principles of Management,Business 101 (SDCM-0006),Study,No
C483,Principles of Management,Business 302 (SDCM-0116),Study,No
C483,Principles of Management,DLSI-0014 Principles of Management,DLSI,No
C483,Principles of Management,PMT 252 (DAU-0300) & PMT 257 (DAU-0301),DAU,No
C483,Principles of Management,Principles of Management,Retail Mgt Cert,No
C484,Organizational Behavior and Leadership,BUS120 (OOSL-0042),Straighterline,No
C484,Organizational Behavior and Leadership,BUS209 (SAYA 0034),Saylor,No
C484,Organizational Behavior and Leadership,BUS209 (SAYA-0034),Saylor,No
C484,Organizational Behavior and Leadership,Business 107 (SDCM-0009),Study,No
C484,Organizational Behavior and Leadership,Business 307 (SDCM-0053),Study,No
C484,Organizational Leadership in Healthcare,Health 303 (SDCM-0172),Study,No
C652,Heredity and Genetics,BIO101 (SAYA-0019),Saylor,No
C652,Heredity and Genetics,BIO250 (OOSL-0047),Straighterline,No
C652,Heredity and Genetics,DLSI-0013 Microbiology,DLSI,No
C652,Heredity and Genetics,Biology 102 (SDCM-0022),Study,No
C652,Heredity and Genetics,Genetics 101 (SDCM-0062),Study,No
C654,Zoology,BIO201 (OOSL-0028),Straighterline,No
C654,Zoology,BIO202 (OOSL-0030),Straighterline,No
C654,Zoology,DLSI-0037 Anatomy and Physiology II,DLSI,No
C654,Zoology,Biology 202L (SDCM-0247),Study,No
C683,Natural Science Lab,BIO101L (OOSL-0018),Straighterline,No
C683,Natural Science Lab,BIO201L (OOSL-0083),Straighterline,No
C683,Natural Science Lab,BIO202L (OOSL-OO84,Straighterline,No
C683,Natural Science Lab,BIO250L (OOSL-0086),Straighterline,No
C683,Natural Science Lab,Biology 101L (SDCM-0188),Study,No
C683,Natural Science Lab,Biology 107L (SDCM-0242),Study,No
C683,Natural Science Lab,Biology 201L (SDCM-0246),Study,No
C683,Natural Science Lab,Biology 202L (SDCM-0247),Study,No
C683,Natural Science Lab,CHEM101L (OOSL-0016),Straighterline,No
C683,Natural Science Lab,Chemistry 111L (SDCM-0194),Study,No
C683,Natural Science Lab,Chemistry 112L (SDCM-0195),Study,No
C683,Natural Science Lab,DLSI-0036 Anatomy and Physiology I Lab,DLSI,No
C683,Natural Science Lab,DLSI-0038 Anatomy and Physiology II Lab,DLSI,No
C683,Natural Science Lab,DLSI-0039 Microbiology Lab,DLSI,No
C683,Natural Science Lab,PHY250L (OOSL-0085),Straighterline,No
C683,Natural Science Lab,PHYS102 (SAYA-0030),Saylor,No
C715,Organizational Behavior,BUS120 (OOSL-0042),Straighterline,No
C715,Organizational Behavior,BUS209 (SAYA-0034),Saylor,No
C715,Organizational Behavior,Human Relations/Organizational Behavior,Retail Mgt Cert,No
C715,Organizational Behavior,Business 107 (SDCM-0009),Study,No
C715,Organizational Behavior,Business 307 (SDCM-0053),Study,No
C715,Organizational Behavior,Psychology 301 (SDCM-0134),Study,No
C716,Business Communication,BUS105 (OOSL-0014),Straighterline,No
C716,Business Communication,BUS210 (SAYA-0027),Saylor,No
C716,Business Communication,COMM1010 (SOPH-0034),Sophia,No
C716,Business Communication,Business 113 (SDCM-0052),Study,No
C720,Operations and Supply Chain Management,BUS300 (SAYA-0038),Saylor,No
C720,Operations and Supply Chain Management,Business 315 (SDCM-0086),Study,No
C722,Project Management,BUS402 (SAYA-0039),Saylor,No
C722,Project Management,EVM 263 (DAU-0299) & ACQ 160 (DAU-0298),DAU,No
C722,Project Management,PM1001 (SOPH-0013),Sophia,No
C722,Project Management,PMT 257 (DAU-0301),DAU,No
C722,Project Management,Business 311 (SDCM-0073),Study,No
C723,Quantitative Analysis for Business,BUS204 (SAYA-0037),Saylor,No
C723,Quantitative Analysis For Business,CON-270 (DAU-2000),DAU,No
C723,Quantitative Analysis for Business,MAT150 (OOSL-0011),Straighterline,No
C723,Quantitative Analysis for Business,Business 212 (SDCM-0225),Study,No
C724,Information Systems Management,Business 303 (SDCM-0123),Study,No
C768,Technical Communication,Business 113 (SDCM-0052),Study,No
C768,Technical Communication,DLSI-0031 Technical Writing,DLSI,No
C768,Technical Communication,ENGL210 (SAYA-0043),Saylor,No
C768,Technical Communication,English 305 (SDCM-0058),Study,No
C768,Trigonometry and Precalculus,MA005 (SAYA-0025),Saylor,No
C768,Trigonometry and Precalculus,MAT201 (OOSL-0003),Straighterline,No
C768,Trigonometry and Precalculus,MAT250 (OOSL-0012),Straighterline,No
C768,Trigonometry and Precalculus,MAT251 (OOSL-0019),Straighterline,No
C768,Trigonometry and Precalculus,Math 103 (SDCM-0015),Study,No
C768,Trigonometry and Precalculus,Math 104 (SDCM-0016),Study,No
C779,Web Development Foundations,CS1005 (SOPH-0043),Sophia,No
C779,Web Development Foundations,Web Development Fundamentals,LastMile,No
C784,Applied Healthcare Statistics,BUS204 (SAYA-0037),Saylor,No
C784,Applied Healthcare Statistics,DLSI-0030 Statistics,DLSI,No
C784,Applied Healthcare Statistics,HIMA2310,Concorde,No
C784,Applied Healthcare Statistics,MA121 (SAYA-0032),Saylor,No
C784,Applied Healthcare Statistics,MAT112,Argosy,No
C784,Applied Healthcare Statistics,MAT150 (OOSL-0011),Straighterline,No
C784,Applied Healthcare Statistics,MAT202 (OOSL-0070),Straighterline,No
C784,Applied Healthcare Statistics,ST0050 (SOPH-0017),Sophia,No
C784,Applied Healthcare Statistics,STAT1001 (SOPH-0005),Sophia,No
C784,Applied Healthcare Statistics,Business 212 (SDCM-0225),Study,No
C784,Applied Healthcare Statistics,Statistics 101 (SDCM-0068),Study,No
C784,Applied Healthcare Statistics,MAT150,WGU Academy,No
C784,Applied Healthcare Statistics,MAT202,WGU Academy,No
C799,Healthcare Ecosystems,Health 307 (SDCM-0171),Study,No
C804,Medical Terminology,MEDICAL TERMINOLOGY (OOSL-0022),Straighterline,No
C804,Medical Terminology,POFM1432,Concorde,No
C804,Medical Terminology,Health 103 (SDCM-0096),Study,No
C804,Medical Terminology,MEDTERM101,WGU Academy,No
C805,Pathophysiology,BIO400,Argosy,No
C805,Pathophysiology,BIOL1340,Concorde,No
C805,Pathophysiology,DLSI-0028 Pathophysiology,DLSI,No
C805,Pathophysiology,Biology 106 (SDCM-0023),Study,No
C832,Chemistry with Lab,CHEM101 (OOSL-0015) and CHEM101L (OOSL-0016),Straighterline,No
C832,Chemistry with Lab,Chemistry 111L (SDCM-0194),Study,No
C836,Fundamentals of Information Security,Computer Science 110 (SDCM-0215),Study,No
C836,Fundamentals of Information Security,Computer Science 202 (SDCM-0200),Study,No
C836,Fundamentals of Information Security,Cyber Opts,Per Scholas,No
C836,Fundamentals of Information Security,CyberSecurity,Per Scholas,No
C836,Fundamentals of Information Security,Network Security,Per Scholas,No
C836,Fundamentals of Information Security,Network Support,Per Scholas,No
C836,Fundamentals of Information Security,NOC Analyst,Per Scholas,No
C840,Digital Forensics in Cybersecurity,Computer Science 320 (SDCM-0231),Study,No
C840,Digital Forensics in Cybersecurity,Computer Science 335 (SDCM-0233),Study,No
C840,Digital Forensics in Cybersecurity,Computer Science 336 (SDCM-0234),Study,No
C842,Cyber Defense and Countermeasures,Computer Science 331 (SDCM-0222),Study,No
C846,Business of IT - Applications,ITIL 1 Foundation,AXELOSÂ ,No
C849,Cloud Foundations,AWS Cloud Practitioner,Amazon/AWS,No
C849,Cloud Foundations,AWS Re/Start Cloud Fundamentals,Per Scholas,No
C850,Emerging Technologies,Computer Science 310 (SDCM-0221),Study,No
C850,Emerging Technologies,Computer Science 311 (SDCM-0230),Study,No
C851,Linux Foundations,AWS Re/Start Cloud Fundamentals,Per Scholas,No
C851,Linux Foundations,Computer Science 106 (SDCM-0226),Study,No
C851,Linux Foundations,Cyber Opts,Per Scholas,No
C851,Linux Foundations,CyberSecurity,Per Scholas,No
C851,Linux Foundations,Linux Essentials,LPI,No
C851,Linux Foundations,NOC Analyst,Per Scholas,No
C859,Introduction to Programming in Python,Computer Science 113 (SDCM-0216),Study,No
C867,Scripting and Programming - Applications,CS 102 (SAYA-0015),Saylor,No
C867,Scripting and Programming - Applications,CS102 (SAYA-0015),Saylor,No
C875,Human Anatomy and Physiology,BIO201 (OOSL-0028),Straighterline,No
C875,Human Anatomy and Physiology,BIO202 (OOSL-0030),Straighterline,No
C875,Human Anatomy and Physiology,DLSI-0001 Anatomy and Physiology,DLSI,No
C875,Human Anatomy and Physiology,DLSI-0035 Anatomy and Physiology I,DLSI,No
C875,Human Anatomy and Physiology,DLSI-0037 Anatomy and Physiology II,DLSI,No
C875,Human Anatomy and Physiology,Biology 105 (SDCM-0003),Study,No
C875,Human Anatomy and Physiology,Biology 201L (SDCM-0246),Study,No
C875,Human Anatomy and Physiology,Biology 202L (SDCM-0247),Study,No
C876,Conceptual Physics,PHY250 (OOSL-0023),Straighterline,No
C876,Conceptual Physics,PHYS101 (SAYA-0031),Saylor,No
C876,Conceptual Physics,PHYS102 (SAYA-0030),Saylor,No
C876,Conceptual Physics,Physics 101 (SDCM-0138),Study,No
C876,Conceptual Physics,Physics 111 (SDCM-0101),Study,No
C888,Molecular and Cellular Biology,BIO250 (OOSL-0047),Straighterline,No
C888,Molecular and Cellular Biology,BIO101 (SAYA-0019),Saylor,No
C888,Molecular and Cellular Biology,DLSI-0013 Microbiology,DLSI,No
C888,Molecular and Cellular Biology,Biology 103 (SDCM-0002),Study,No
C888,Molecular and Cellular Biology,Biology 107L (SDCM-0242),Study,No
C890,Ecology and Environmental Science,ENV101 (OOSL-0055),Straighterline,No
C890,Ecology and Environmental Science,ENVS1001 (SOPH-0016),Sophia,No
C890,Ecology and Environmental Science,Environmental Science 101 (SDCM-0005),Study,No
C894,Astronomy,Astronomy 101 (SDCM-0189),Study,No
C923,Cloud Applications,Cloud+,Comptia,No
C924,Cloud Deployment and Operations,AWS SysOPS,Amazon/AWS,No
C925,Earth: Inside and Out,Earth Science 101 (SDCM-0029),Study,No
C925,Earth: Inside and Out,Geology 101 (SDCM-0031),Study,No
C949,Data Structures and Algorithms,Computer Science 201 (SDCM-0217),Study,No
C949,Data Structures and Algorithms I,Computer Science 201 (SDCM-0217),Study,No
C951,Introduction to Artificial Intelligence,Computer Science 311 (SDCM-0230),Study,No
C952,Computer Architecture,Computer Science 306 (SDCM-0202),Study,No
C955,Applied Probability and Statistics,BUS204 (SAYA-0037),Saylor,No
C955,Applied Probability and Statistics,Business 212 (SDCM-0225),Study,No
C955,Applied Probability and Statistics,CMQ 200 (DAU-0229) & CMQ 210 (DAU-0230) & CMQ 220 (DAU-0231),DAU,No
C955,Applied Probability and Statistics,DLSI-0030 Statistics,DLSI,No
C955,Applied Probability and Statistics,MA121 (SAYA-0032),Saylor,No
C955,Applied Probability and Statistics,MAT150 (OOSL-0011),Straighterline,No
C955,Applied Probability and Statistics,MAT202,WGU Academy,No
C955,Applied Probability and Statistics,MAT202 (OOSL-0070),Straighterline,No
C955,Applied Probability and Statistics,STAT1001 (SOPH-0005),Sophia,No
C955,Applied Probability and Statistics,Statistics 101 (SDCM-0068),Study,No
C957,Applied Algebra,CA1001 (SOPH-0001),Sophia,No
C957,Applied Algebra,DLSI-0003 College Algebra,DLSI,No
C957,Applied Algebra,MA005 (SAYA-0025),Saylor,No
C957,Applied Algebra,MAT101 (OOSL-0002),Straighterline,No
C957,Applied Algebra,MAT201 (OOSL-0003),Straighterline,No
C957,Applied Algebra,MAT250 (OOSL-0012),Straighterline,No
C957,Applied Algebra,MAT251 (OOSL-0019),Straighterline,No
C957,Applied Algebra,Math 101 (SDCM-0013),Study,No
C957,Applied Algebra,Math 103 (SDCM-0015),Study,No
C957,Applied Algebra,Math 104 (SDCM-0016),Study,No
C957,Applied Algebra,Math 105 (SDCM-0033),Study,No
C958,Calculus I,MA005 (SAYA-0025),Saylor,No
C958,Calculus I,MAT250 (OOSL-0012),Straighterline,No
C958,Calculus I,MAT251 (OOSL-0019),Straighterline,No
C958,Calculus I,MATH1040 (SOPH-0060),Sophia,No
C958,Calculus I,Math 104 (SDCM-0016),Study,No
C959,Discrete Mathematics I,Math 108 (SDCM-0210),Study,No
C963,American Politics and the US Constitution,DLSI-0022 American Government,DLSI,No
C963,American Politics and the US Constitution,Political Science 102 (SDCM-0042),Study,No
C963,American Politics and the US Constitution,POLS101 (OOSL-0063),Straighterline,No
C983,Quality Improvement in Healthcare,CPHQ Certification,NAHQ,No
C985,Analytical Methods of Health Leaders,CPHQ Certification,NAHQ,No
D048,Communication and Organizational Awareness,BUS209 (SAYA-0034),Saylor,No
D048,Communication and Organizational Awareness,Health 303 (SDCM-0172),Study,No
D048,Communication and Organizational Awareness,Business 107 (SDCM-0009),Study,No
D048,Communication and Organizational Awareness,Business 307 (SDCM-0053),Study,No
D066,Health and Wellness through Nutritional Science,DLSI-0026 Nutrition,DLSI,No
D066,Health and Wellness through Nutritional Science,NUTR1310,Concorde,No
D066,Health and Wellness through Nutritional Science,NUTRI101 (OOSL-0034),Straighterline,No
D066,Health and Wellness through Nutritional Science,Nutrition 101 (SDCM-0034),Study,No
D068,Introduction to Pharmacology,DLSI-0034 Pharmacology,DLSI,No
D068,Introduction to Pharmacology,NDTP1320,Concorde,No
D068,Introduction to Pharmacology,NRSG1343,Concorde,No
D068,Introduction to Pharmacology,PHARM103 (OOSL-0101),Straighterline,No
D068,Introduction to Pharmacology,PT201,Concorde,No
D072,Fundamentals for Success in Business,ACQ 315 (DAU-0270),DAU,No
D072,Fundamentals for Success in Business,BUS1001 (SOPH-0014),Sophia,No
D072,Fundamentals for Success in Business,BUS101 (OOSL-0001),Straighterline,No
D072,Fundamentals for Success in Business,BUS101 (SAYA-0020),Saylor,No
D072,Fundamentals for Success in Business,Financial Management & Budgeting,Retail Mgt Cert,No
D072,Fundamentals for Success in Business,Business 100 (SDCM-0024),Study,No
D075,Information Technology Management Essentials,BUS206 (SAYA-0013),Saylor,No
D075,Information Technology Management Essentials,Computer Applications (Technology),Retail Mgt Cert,No
D075,Information Technology Management Essentials,Business 303 (SDCM-0123),Study,No
D076,Finance Skills for Managers,BCF 110 (DAU-0215) & BCF 130 (DAU-0216),DAU,No
D076,Finance Skills for Managers,BUS202 (SAYA-0022),Saylor,No
D076,Finance Skills for Managers,FIN1001 (SOPH-0033),Sophia,No
D076,Finance Skills for Managers,Finance 101 (SDCM-0079),Study,No
D076,Finance Skills for Managers,Finance 301 (SDCM-0153),Study,No
D076,Finance Skills for Managers,Finance 104 (SDCM-0090),Study,No
D077,"Concepts in Marketing, Sales, and Customer Contact",BUS203 (SAYA-0023),Saylor,No
D077,"Concepts in Marketing, Sales, and Customer Contact",Principles of Marketing,Retail Mgt Cert,No
D077,"Concepts in Marketing, Sales, and Customer Contact",Business 102 (SDCM-0007),Study,No
D078,Business Environment Applications I: Business Structures and Legal Environment,BUS110 (OOSL-0048),Straighterline,No
D078,Business Environment Applications I: Business Structures and Legal Environment,BUS205 (SAYA-0024),Saylor,No
D078,Business Environment Applications I: Business Structures and Legal Environment,BUSLAW1001 (SOPH-0032),Sophia,No
D078,Business Environment Applications I: Business Structures and Legal Environment,Business 103 (SDCM-0025),Study,No
D079,"Business Environment Applications II: Process, Logistics, and Operations",Business 312 (SDCM-0050),Study,No
D079,"Business Environment Applications II: Process, Logistics, and Operations",ACQ 1010 (DAU-0186),DAU,No
D079,"Business Environment Applications II: Process, Logistics, and Operations",ACQ 202 (DAU-0206),DAU,No
D079,"Business Environment Applications II: Process, Logistics, and Operations",ACQ 203 (DUA-0207),DAU,No
D079,"Business Environment Applications II: Process, Logistics, and Operations",LOG 104 (DAU-0304) & LOG 204 (DAU-0262),DAU,No
D080,Managing in a Global Business Environment,ACQ 230 (DAU-0208),DAU,No
D080,Managing in a Global Business Environment,Business 120 (SDCM-0115),Study,No
D080,Managing in a Global Business Environment,Business 308 (SDCM-0054),Study,No
D082,Emotional and Cultural Intelligence,Communications 301 (SDCM-0187),Study,No
D084,Cloud Platform Solutions,Azure AZ-104,Microsoft,No
D085,Automation and Scaling Tools,AWS Developer Associate,Amazon/AWS,No
D087,Data Center Virtualization,VCP-DCV,Vmware,No
D088,Cloud Architecture,AWS Solutions Architect Associate,Amazon/AWS,No
D089,Principles of Economics,DLSI-0021 Introduction to Macroeconomics,DLSI,No
D089,Principles of Economics,DLSI-0025 Introduction to Microeconomics,DLSI,No
D089,Principles of Economics,ECON1001 (SOPH-0012),Sophia,No
D089,Principles of Economics,ECON1002 (SOPH-0011),Sophia,No
D089,Principles of Economics,ECON101 (OOSL-0007),Straighterline,No
D089,Principles of Economics,ECON101 (SAYA-0005),Saylor,No
D089,Principles of Economics,ECON102 (OOSL-0008),Straighterline,No
D089,Principles of Economics,ECON102 (SAYA-0006),Saylor,No
D089,Principles of Economics,Economics 101 (SDCM-0069),Study,No
D089,Principles of Economics,Economics 102 (SDCM-0060),Study,No
D096,Fundamentals of Diverse Learners,Certificate in Inclusive School Practices and Early Childhood Special Education,SDCoE,No
D097,Educational Foundations,Designated Subjects Foundations,SDCoE,No
D097,Educational Foundations,Education 101 (SDCM-0036),Study,No
D100,Introduction to Spreadsheets,BCF 206 (DAU-0217),DAU,No
D125,Mathematics for Elementary Educators I,CA1001 (SOPH-0001),Sophia,No
D125,Mathematics for Elementary Educators I,DLSI-0003 College Algebra,DLSI,No
D125,Mathematics for Elementary Educators I,MA005 (SAYA-0025),Saylor,No
D125,Mathematics for Elementary Educators I,MAT101 (OOSL-0002),Straighterline,No
D125,Mathematics for Elementary Educators I,MAT201 (OOSL-0003),Straighterline,No
D125,Mathematics for Elementary Educators I,MAT250 (OOSL-0012),Straighterline,No
D125,Mathematics for Elementary Educators I,MAT251 (OOSL-0019),Straighterline,No
D125,Mathematics for Elementary Educators I,Education 211 (SDCM-0129),Study,No
D125,Mathematics for Elementary Educators I,Math 101 (SDCM-0013),Study,No
D125,Mathematics for Elementary Educators I,Math 103 (SDCM-0015),Study,No
D125,Mathematics for Elementary Educators I,Math 104 (SDCM-0016),Study,No
D125,Mathematics for Elementary Educators I,Math 105 (SDCM-0033),Study,No
D126,Mathematics for Elementary Educators II,CA1001 (SOPH-0001),Sophia,No
D126,Mathematics for Elementary Educators II,DLSI-0003 College Algebra,DLSI,No
D126,Mathematics for Elementary Educators II,MA005 (SAYA-0025),Saylor,No
D126,Mathematics for Elementary Educators II,MAT101 (OOSL-0002),Straighterline,No
D126,Mathematics for Elementary Educators II,MAT201 (OOSL-0003),Straighterline,No
D126,Mathematics for Elementary Educators II,MAT250 (OOSL-0012),Straighterline,No
D126,Mathematics for Elementary Educators II,MAT251 (OOSL-0019),Straighterline,No
D126,Mathematics for Elementary Educators II,Math 101 (SDCM-0013),Study,No
D126,Mathematics for Elementary Educators II,Math 103 (SDCM-0015),Study,No
D126,Mathematics for Elementary Educators II,Math 104 (SDCM-0016),Study,No
D126,Mathematics for Elementary Educators II,Math 105 (SDCM-0033),Study,No
D127,Mathematics for Elementary Educators III,BUS204 (SAYA-0037),Saylor,No
D127,Mathematics for Elementary Educators III,DLSI-0030 Statistics,DLSI,No
D127,Mathematics for Elementary Educators III,MA121 (SAYA-0032),Saylor,No
D127,Mathematics for Elementary Educators III,MAT202 (OOSL-0070),Straighterline,No
D127,Mathematics for Elementary Educators III,MAT150 (OOSL-0011),Straighterline,No
D127,Mathematics for Elementary Educators III,STAT1001 (SOPH-0005),Sophia,No
D127,Mathematics for Elementary Educators III,Statistics 101 (SDCM-0068),Study,No
D127,Mathematics for Elementary Educators III,Business 212 (SDCM-0225),Study,No
D127,Mathematics for Elementary Educators III,MAT202,WGU Academy,No
D191,Advanced Data Management,Computer Science 303 (SDCM-0164),Study,No
D194,IT Leadership Foundations,BUS120 (OOSL-0042),Straighterline,No
D194,IT Leadership Foundations,BUS209 (SAYA 0034),Saylor,No
D194,IT Leadership Foundations,BUSI1013 (SOPH-0054),Sophia,No
D194,IT Leadership Foundations,Business 107 (SDCM-0009),Study,No
D194,IT Leadership Foundations,Business 307 (SDCM-0053),Study,No
D194,IT Leadership Foundations,DLSI-0014 Principles of Management,DLSI,No
D196,Principles of Financial and Managerial Accounting,ACC101 (OOSL-0033) and ACC102 (OOSL-0010),Straighterline,No
D196,Principles of Financial and Managerial Accounting,ACC101 (OOSL-0033) and ACC150 (OOSL-0033),Straighterline,No
D196,Principles of Financial and Managerial Accounting,ACC151 (OOSL-0045) and ACC102 (OOSL-0010),Straighterline,No
D196,Principles of Financial and Managerial Accounting,ACC151 (OOSL-0045) and ACC150 (OOSL-0033),Straighterline,No
D196,Principles of Financial and Managerial Accounting,BUS103 (SAYA-0021) and BUS105 (SAYA-0009),Saylor,No
D196,Principles of Financial and Managerial Accounting,Accounting 101 (SDCM-0075) and Accounting 102 (SDCM-0076),Study,No
D196,Principles of Financial and Managerial Accounting,Accounting 201 (SDCM-0124) and Accounting 102 (SDCM-0076),Study,No
D196,Principles of Financial and Managerial Accounting,Accounting 202 (SDCM-0152 and Accounting 102 (SDCM-0076),Study,No
D196,Principles of Financial and Managerial Accounting,Accounting 302 (SDCM-0078) and Accounting 102 (SDCM-0076),Study,No
D196,Principles of Financial and Managerial Accounting,Accounting 101 (SDCM-0075) and Accounting 301 (SDCM-0077),Study,No
D196,Principles of Financial and Managerial Accounting,Accounting 201 (SDCM-0124) and Accounting 301 (SDCM-0077),Study,No
D196,Principles of Financial and Managerial Accounting,Accounting 202 (SDCM-0152 and Accounting 301 (SDCM-0077),Study,No
D196,Principles of Financial and Managerial Accounting,Accounting 302 (SDCM-0078) and Accounting 301 (SDCM-0077),Study,No
D196,Principles of Financial and Managerial Accounting,Accounting 101 (SDCM-0075) and Accounting 303 (SDCM-0105),Study,No
D196,Principles of Financial and Managerial Accounting,Accounting 201 (SDCM-0124) and Accounting 303 (SDCM-0105),Study,No
D196,Principles of Financial and Managerial Accounting,Accounting 202 (SDCM-0152 and Accounting 303 (SDCM-0105),Study,No
D196,Principles of Financial and Managerial Accounting,Accounting 302 (SDCM-0078) and Accounting 303 (SDCM-0105),Study,No
D198,Global Arts and Humanities,ARTH101 (SAYA-0036),Saylor,No
D198,Global Arts and Humanities,ARTHIST1001 (SOPH-0006),Sophia,No
D198,Global Arts and Humanities,ARTHIST1002 (SOPH-0029),Sophia,No
D198,Global Arts and Humanities,DLSI-0006 Ethics,DLSI,No
D198,Global Arts and Humanities,DLSI-0009 Introduction to Humanities,DLSI,No
D198,Global Arts and Humanities,DLSI-0011 Introduction to World Religions,DLSI,No
D198,Global Arts and Humanities,DLSI-0019 American Literature,DLSI,No
D198,Global Arts and Humanities,DLSI-0020 Introduction to Philosophy,DLSI,No
D198,Global Arts and Humanities,DLSI-0027 Life and Teachings of Apostle Paul,DLSI,No
D198,Global Arts and Humanities,PHIL1001 (SOPH-0027),Sophia,No
D198,Global Arts and Humanities,PHIL1002 (SOPH-0020),Sophia,No
D198,Global Arts and Humanities,PHIL101 (OOSL-0060),Straighterline,No
D198,Global Arts and Humanities,PHIL102 (SAYA-0045),Saylor,No
D198,Global Arts and Humanities,PHIL103 (SAYA-0011),Saylor,No
D198,Global Arts and Humanities,POLSC201 (SAYA-0033),Saylor,No
D198,Global Arts and Humanities,REL1001 (SOPH-0008),Sophia,No
D198,Global Arts and Humanities,REL101 (OOSL-0066),Straighterline,No
D198,Global Arts and Humanities,VISCOMM1001 (SOPH-0009),Sophia,No
D198,Global Arts and Humanities,Art 103 (SDCM-0167),Study,No
D198,Global Arts and Humanities,Art 104 (SDCM-0168),Study,No
D198,Global Arts and Humanities,English 101 (SDCM-0056),Study,No
D198,Global Arts and Humanities,English 102 (SDCM-0087),Study,No
D198,Global Arts and Humanities,English 103 (SDCM-0088),Study,No
D198,Global Arts and Humanities,English 301 (SDCM-0237),Study,No
D198,Global Arts and Humanities,English 310 (SDCM-0130),Study,No
D198,Global Arts and Humanities,Humanities 101 (SDCM-0047),Study,No
D198,Global Arts and Humanities,Humanities 201 (SDCM-0243),Study,No
D198,Global Arts and Humanities,Philosophy 101 (SDCM-0132),Study,No
D198,Global Arts and Humanities,Philosophy 102 (SDCM-0160),Study,No
D198,Global Arts and Humanities,Philosophy 103 (SDCM-0161),Study,No
D198,Global Arts and Humanities,Religion 101 (SDCM-0046),Study,No
D198,Global Arts and Humanities,Social Science 108 (SDCM-0185),Study,No
D198,Global Arts and Humanities,Business 108 (SDCM-0051),Study,No
D198,Global Arts and Humanities,Business 310 (SDCM-0118),Study,No
D198,Global Arts and Humanities,Business 318 (SDCM-0142),Study,No
D199,Introduction to Physical and Human Geography,ANTH101 (OOSL-0046),Straighterline,No
D199,Introduction to Physical and Human Geography,CIV101 (OOSL-0040),Straighterline,No
D199,Introduction to Physical and Human Geography,CIV102 (OOSL-0043),Straighterline,No
D199,Introduction to Physical and Human Geography,CIV103 (OOSL-0092),Straighterline,No
D199,Introduction to Physical and Human Geography,CJ101 (OOSL-0004),Straighterline,No
D199,Introduction to Physical and Human Geography,DLSI-0008 History of U.S. I: Early Colonization To 1877,DLSI,No
D199,Introduction to Physical and Human Geography,DLSI-0010 Introduction to Psychology,DLSI,No
D199,Introduction to Physical and Human Geography,DLSI-0012 Developmental Psychology,DLSI,No
D199,Introduction to Physical and Human Geography,DLSI-0015 Introduction to Sociology,DLSI,No
D199,Introduction to Physical and Human Geography,DLSI-0021 Introduction to Macroeconomics,DLSI,No
D199,Introduction to Physical and Human Geography,DLSI-0023 Introduction to Anthropology,DLSI,No
D199,Introduction to Physical and Human Geography,DLSI-0025 Introduction to Microeconomics,DLSI,No
D199,Introduction to Physical and Human Geography,DLSI-0033 Western Civilization I: Ancient Near East Through 1648,DLSI,No
D199,Introduction to Physical and Human Geography,ECON1001 (SOPH-0012),Sophia,No
D199,Introduction to Physical and Human Geography,ECON1002 (SOPH-0011),Sophia,No
D199,Introduction to Physical and Human Geography,ECON101 (OOSL-0007),Straighterline,No
D199,Introduction to Physical and Human Geography,ECON101 (SAYA-0005),Saylor,No
D199,Introduction to Physical and Human Geography,ECON102 (OOSL-0008),Straighterline,No
D199,Introduction to Physical and Human Geography,ECON102 (SAYA-0006),Saylor,No
D199,Introduction to Physical and Human Geography,GEOG101 (SAYA-0044),Saylor,No
D199,Introduction to Physical and Human Geography,HIST1001 (SOPH-0022),Sophia,No
D199,Introduction to Physical and Human Geography,HIST1002 (SOPH-0025),Sophia,No
D199,Introduction to Physical and Human Geography,HIST1010 (SOPH-0042),Sophia,No
D199,Introduction to Physical and Human Geography,POLSC101 (SAYA-0012),Saylor,No
D199,Introduction to Physical and Human Geography,POLSC221 (SAYA-0029),Saylor,No
D199,Introduction to Physical and Human Geography,PSY1001 (SOPH-0003),Sophia,No
D199,Introduction to Physical and Human Geography,PSY101 (OOSL-0027),Straighterline,No
D199,Introduction to Physical and Human Geography,PSY120 (OOSL-0107),Straighterline,No
D199,Introduction to Physical and Human Geography,PSYC1010 (SOPH-0048),Sophia,No
D199,Introduction to Physical and Human Geography,PSYCH101 (SAYA-0007),Saylor,No
D199,Introduction to Physical and Human Geography,SOC1001 (SOPH-0004),Sophia,No
D199,Introduction to Physical and Human Geography,SOC101 (OOSL-0035),Straighterline,No
D199,Introduction to Physical and Human Geography,SOC101 (SAYA-0008),Saylor,No
D199,Introduction to Physical and Human Geography,SOCI1010 (SOPH-0051),Sophia,No
D199,Introduction to Physical and Human Geography,USHIST101 (OOSL-0039),Straighterline,No
D199,Introduction to Physical and Human Geography,USHIST102 (OOSL-0044),Straighterline,No
D199,Introduction to Physical and Human Geography,Economics 101 (SDCM-0069),Study,No
D199,Introduction to Physical and Human Geography,Economics 102 (SDCM-0060),Study,No
D199,Introduction to Physical and Human Geography,Geography 101 (SDCM-0037),Study,No
D199,Introduction to Physical and Human Geography,History 100 (SDCM-0154),Study,No
D199,Introduction to Physical and Human Geography,History 101 (SDCM-0011),Study,No
D199,Introduction to Physical and Human Geography,History 102 (SDCM-0038),Study,No
D199,Introduction to Physical and Human Geography,History 105 (SDCM-0155),Study,No
D199,Introduction to Physical and Human Geography,History 106 (SDCM-0040),Study,No
D199,Introduction to Physical and Human Geography,History 108 (SDCM-0041),Study,No
D199,Introduction to Physical and Human Geography,History 306 (SDCM-0065),Study,No
D199,Introduction to Physical and Human Geography,History 307 (SDCM-0156),Study,No
D199,Introduction to Physical and Human Geography,History 308 (SDCM-0066),Study,No
D199,Introduction to Physical and Human Geography,History 309 (SDCM-0157),Study,No
D199,Introduction to Physical and Human Geography,History 311 (SDCM-0158),Study,No
D199,Introduction to Physical and Human Geography,Political Science 101 (SDCM-0133),Study,No
D199,Introduction to Physical and Human Geography,Political Science 103 (SDCM-0159),Study,No
D199,Introduction to Physical and Human Geography,Psychology 101 (SDCM-0017),Study,No
D199,Introduction to Physical and Human Geography,Psychology 102 (SDCM-0018),Study,No
D199,Introduction to Physical and Human Geography,Psychology 103 (SDCM-0019),Study,No
D199,Introduction to Physical and Human Geography,Psychology 104 (SDCM-0020),Study,No
D199,Introduction to Physical and Human Geography,Psychology 105 (SDCM-0043),Study,No
D199,Introduction to Physical and Human Geography,Psychology 106 (SDCM-0021),Study,No
D199,Introduction to Physical and Human Geography,Psychology 107 (SDCM-0044),Study,No
D199,Introduction to Physical and Human Geography,Psychology 108 (SDCM-0045),Study,No
D199,Introduction to Physical and Human Geography,Psychology 301 (SDCM-0134),Study,No
D199,Introduction to Physical and Human Geography,Psychology 302 (SDCM-0179),Study,No
D199,Introduction to Physical and Human Geography,Psychology 306 (SDCM-0178),Study,No
D199,Introduction to Physical and Human Geography,Psychology 310 (SDCM-0180),Study,No
D199,Introduction to Physical and Human Geography,Psychology 311 (SDCM-0181),Study,No
D199,Introduction to Physical and Human Geography,Psychology 312 (SDCM-0135),Study,No
D199,Introduction to Physical and Human Geography,Psychology 315 (SDCM-0184),Study,No
D199,Introduction to Physical and Human Geography,Psychology 316 (SDCM-0182),Study,No
D199,Introduction to Physical and Human Geography,Sociology 101 (SDCM-0048),Study,No
D199,Introduction to Physical and Human Geography,Sociology 103 (SDCM-0103),Study,No
D199,Introduction to Physical and Human Geography,Sociology 305 (SDCM-0186),Study,No
D199,Introduction to Physical and Human Geography,Criminal Justice 101 (SDCM-0067),Study,No
D199,Introduction to Physical and Human Geography,USHIST101,WGU Academy,No
D202,Human Growth and Development,DLSI-0012 Developmental Psychology,DLSI,No
D202,Human Growth and Development,PSY120 (OOSL-0107),Straighterline,No
D202,Human Growth and Development,PSYC1320,Concorde,No
D202,Human Growth and Development,Psychology 103 (SDCM-0019),Study,No
D202,Human Growth and Development,Psychology 107 (SDCM-0044),Study,No
D265,Critical Thinking: Reason and Evidence,CMC 232 (DAU-0284) & CMC 130 (DAU-0283),DAU,No
D265,Critical Thinking: Reason and Evidence,Humanities 201 (SDCM-0243),Study,No
D265,Critical Thinking: Reason and Evidence,PHIL102 (SAYA-0045),Saylor,No
D265,Critical Thinking: Reason and Evidence,PHIL1310,Concorde,No
D266,World History: Diverse Cultures and Global Connections,CIV101 (OOSL-0040),Straighterline,No
D266,World History: Diverse Cultures and Global Connections,CIV102 (OOSL-0043),Straighterline,No
D266,World History: Diverse Cultures and Global Connections,DLSI-0022 American Government,DLSI,No
D266,World History: Diverse Cultures and Global Connections,ECON1001 (SOPH-0012),Sophia,No
D266,World History: Diverse Cultures and Global Connections,ECON1002 (SOPH-0011),Sophia,No
D266,World History: Diverse Cultures and Global Connections,HIST1001 (SOPH-0022),Sophia,No
D266,World History: Diverse Cultures and Global Connections,HIST1002 (SOPH-0025),Sophia,No
D266,World History: Diverse Cultures and Global Connections,MACROECONOMICS (OOSL-0007),Straighterline,No
D266,World History: Diverse Cultures and Global Connections,MICROECONOMICS (OOSL-0008),Straighterline,No
D266,World History: Diverse Cultures and Global Connections,POLS101 (OOSL-0063),Straighterline,No
D266,World History: Diverse Cultures and Global Connections,SURVEY OF WORLD HISTORY (OOSL-0092),Straighterline,No
D266,World History: Diverse Cultures and Global Connections,USHIST101 (OOSL-0039),Straighterline,No
D266,World History: Diverse Cultures and Global Connections,USHIST102 (OOSL-0044),Straighterline,No
D266,World History: Diverse Cultures and Global Connections,Economics 101 (SDCM-0069),Study,No
D266,World History: Diverse Cultures and Global Connections,Economics 102 (SDCM-0060),Study,No
D266,World History: Diverse Cultures and Global Connections,History 100 (SDCM-0154),Study,No
D266,World History: Diverse Cultures and Global Connections,History 101 (SDCM-0011),Study,No
D266,World History: Diverse Cultures and Global Connections,History 102 (SDCM-0038),Study,No
D266,World History: Diverse Cultures and Global Connections,History 103 (SDCM-0012),Study,No
D266,World History: Diverse Cultures and Global Connections,History 104 (SDCM-0039),Study,No
D266,World History: Diverse Cultures and Global Connections,History 105 (SDCM-0155),Study,No
D266,World History: Diverse Cultures and Global Connections,History 106 (SDCM-0040),Study,No
D266,World History: Diverse Cultures and Global Connections,History 108 (SDCM-0041),Study,No
D266,World History: Diverse Cultures and Global Connections,History 306 (SDCM-0065),Study,No
D266,World History: Diverse Cultures and Global Connections,History 307 (SDCM-0156),Study,No
D266,World History: Diverse Cultures and Global Connections,History 308 (SDCM-0066),Study,No
D266,World History: Diverse Cultures and Global Connections,History 309 (SDCM-0157),Study,No
D266,World History: Diverse Cultures and Global Connections,History 311 (SDCM-0158),Study,No
D266,World History: Diverse Cultures and Global Connections,Political Science 101 (SDCM-0133),Study,No
D266,World History: Diverse Cultures and Global Connections,Political Science 102 (SDCM-0042),Study,No
D266,World History: Diverse Cultures and Global Connections,Political Science 103 (SDCM-0159),Study,No
D268,Introduction to Communication: Connecting with Others,COM101 (OOSL-0052),Straighterline,No
D268,Introduction to Communication: Connecting with Others,COM114,Argosy,No
D268,Introduction to Communication: Connecting with Others,COMM001 (SAYA-0010),Saylor,No
D268,Introduction to Communication: Connecting with Others,COMM1002 (SOPH-0024),Sophia,No
D268,Introduction to Communication: Connecting with Others,COMM1010 (SOPH-0034),Sophia,No
D268,Introduction to Communication: Connecting with Others,COMM1310,Concorde,No
D268,Introduction to Communication: Connecting with Others,DLSI-0029 Fundamentals of Public Speaking,DLSI,No
D268,Introduction to Communication: Connecting with Others,Communications 101 (SDCM-0055),Study,No
D268,Introduction to Communication: Connecting with Others,PACA101,WGU Academy,No
D269,Composition: Writing with a Strategy,DLSI-0017 English Composition 1,DLSI,No
D269,Composition: Writing with a Strategy,ENG0050 (SOPH-0019),Sophia,No
D269,Composition: Writing with a Strategy,ENG1001 (SOPH-0015),Sophia,No
D269,Composition: Writing with a Strategy,ENG101,Argosy,No
D269,Composition: Writing with a Strategy,ENG101 (OOSL-0005),Straighterline,No
D269,Composition: Writing with a Strategy,ENGL001 (SAYA-0042),Saylor,No
D269,Composition: Writing with a Strategy,ENGL1310,Concorde,No
D269,Composition: Writing with a Strategy,English 104 (SDCM-0057),Study,No
D269,Composition: Writing with a Strategy,English 204 (SDCM-0244),Study,No
D269,Composition: Writing with a Strategy,ENG101,WGU Academy,No
D270,Composition: Successful Self-Expression,ENG1002 (SOPH-0030),Sophia,No
D270,Composition: Successful Self-Expression,ENG102 (OOSL-0006),Straighterline,No
D270,Composition: Successful Self-Expression,English 105 (SDCM-0089),Study,No
D270,Composition: Successful Self-Expression,English 205 (SDCM-0245),Study,No
D276,Web Development Foundations,CS1005 (SOPH-0043),Sophia,No
D276,Web Development Foundations,Web Development Fundamentals,LastMile,No
D278,Scripting and Programming - Foundations,AWS Re/Start Cloud Fundamentals,Per Scholas,No
D278,Scripting and Programming - Foundations,Computer Science 109 (SDCM-0214),Study,No
D278,Scripting and Programming - Foundations,Computer Science 112 (SDCM-0198),Study,No
D278,Scripting and Programming - Foundations,Computer Science 115 (SDCM-0199),Study,No
D278,Scripting and Programming - Foundations,CS101 (OOSL-0069),Straighterline,No
D278,Scripting and Programming - Foundations,CS107 (SAYA-0017),Saylor,No
D278,Scripting and Programming - Foundations,IT Career Framework,edX,No
D281,Linux Foundations,AWS Re/Start Cloud Fundamentals,Per Scholas,No
D281,Linux Foundations,Computer Science 106 (SDCM-0226),Study,No
D281,Linux Foundations,Cyber Opts,Per Scholas,No
D281,Linux Foundations,CyberSecurity,Per Scholas,No
D281,Linux Foundations,Linux Essentials,LPI,No
D281,Linux Foundations,NOC Analyst,Per Scholas,No
D282,Cloud Foundations,AWS Cloud Practitioner,Amazon/AWS,No
D282,Cloud Foundations,AWS Re/Start Cloud Fundamentals,Per Scholas,No
D311,Microbiology with Lab: A Fundamental Approach,BIO250 (OOSL-0047) and BIO250L (OOSL-0086),Straighterline,No
D311,Microbiology with Lab: A Fundamental Approach,BIOL1330,Concorde,No
D311,Microbiology with Lab: A Fundamental Approach,DLSI-0013 Microbiology & DLSI-0039 Microbiology Lab,DLSI,No
D311,Microbiology with Lab: A Fundamental Approach,MLT150,Argosy,No
D311,Microbiology with Lab: A Fundamental Approach,Biology 101 (SDCM-0001),Study,No
D311,Microbiology with Lab: A Fundamental Approach,Biology 101L (SDCM-0188),Study,No
D312,Anatomy and Physiology I with Lab,BIO201 (OOSL-0028) and BIO201L (OOSL-0083),Straighterline,No
D312,Anatomy and Physiology I with Lab,BIOL1411,Concorde,No
D312,Anatomy and Physiology I with Lab,Biology 201L (SDCM-0246),Study,No
D313,Anatomy and Physiology II with Lab,BIO202 (OOSL-0030) and BIO202L (OOSL-0084),Straighterline,No
D313,Anatomy and Physiology II with Lab,BIOL1421,Concorde,No
D313,Anatomy and Physiology II with Lab,Biology 202L (SDCM-0247),Study,No
D315,Network and Security - Foundations,Computer Science 108 (SDCM-0213),Study,No
D315,Network and Security - Foundations,CS402 (SAYA-0016),Saylor,No
D315,Network and Security - Foundations,IT Career Framework,edX,No
D315,Network and Security - Foundations,IT151 (OOSL-0102),Straighterline,No
D315,Network and Security - Foundations,Network Security,Per Scholas,No
D315,Network and Security - Foundations,Network Support,Per Scholas,No
D315,Network and Security - Foundations,Computer Science 202 (SDCM-0200),Study,No
D316,IT Foundations,A+ 1001 - Foundations,Comptia,No
D316,IT Foundations,IT Support,Per Scholas,No
D316,IT Foundations,Network Support,Per Scholas,No
D317,IT Applications,A+ 1002 - Applications,Comptia,No
D317,IT Applications,IT Support,Per Scholas,No
D317,IT Applications,Network Support,Per Scholas,No
D318,Cloud Applications,Cloud+,Comptia,No
D322,Introduction to IT,Business 109 (SDCM-0010),Study,No
D322,Introduction to IT,Computer Science 102 (SDCM-0165),Study,No
D322,Introduction to IT,CS1001 (SOPH-0023),Sophia,No
D322,Introduction to IT,IT Career Framework,edX,No
D322,Introduction to IT,IT Support,Per Scholas,No
D322,Introduction to IT,IT101 (OOSL-0090),Straighterline,No
D322,Introduction to IT,Network Support,Per Scholas,No
D324,Business of IT - Project Management,BUS402 (SAYA-0039),Saylor,No
D324,Business of IT - Project Management,Business 311 (SDCM-0073),Study,No
D324,Business of IT - Project Management,EVM 263 (DAU-0299) & ACQ 160 (DAU-0298),DAU,No
D324,Business of IT - Project Management,PM1001 (SOPH-0013),Sophia,No
D324,Business of IT - Project Management,PMP,PMI,No
D324,Business of IT - Project Management,PMT 257 (DAU-0301),DAU,No
D324,Business of IT - Project Management,Project+,Comptia,No
D325,Networks,Network+,Comptia,No
D329,Network and Security - Applications,Security+,Comptia,No
D335,Introduction to Programming in Python,Computer Science 113 (SDCM-0216),Study,No
D336,Business of IT - Applications,ITIL 1 Foundation,AXELOSÂ ,No
D338,Cloud Platform Solutions,Azure AZ-104,Microsoft,No
D339,Technical Communication,Business 113 (SDCM-0052),Study,No
D339,Technical Communication,DLSI-0031 Technical Writing,DLSI,No
D339,Technical Communication,ENGL210 (SAYA-0043),Saylor,No
D339,Technical Communication,English 305 (SDCM-0058),Study,No
D341,Cloud Deployment and Operations,AWS SysOPS,Amazon/AWS,No
D370,IT Leadership Foundations,BUS120 (OOSL-0042),Straighterline,No
D370,IT Leadership Foundations,BUS209 (SAYA 0034),Saylor,No
D370,IT Leadership Foundations,BUSI1013 (SOPH-0054),Sophia,No
D370,IT Leadership Foundations,Business 107 (SDCM-0009),Study,No
D370,IT Leadership Foundations,Business 307 (SDCM-0053),Study,No
D370,IT Leadership Foundations,DLSI-0014 Principles of Management,DLSI,No
D426,Data Management - Foundations,CodeBridge,Per Scholas,No
D426,Data Management - Foundations,Computer Science 103 (SDCM-0240),Study,No
D426,Data Management - Foundations,Computer Science 107 (SDCM-0212),Study,No
D426,Data Management - Foundations,CS1011 (SOPH-0047),Sophia,No
D426,Data Management - Foundations,Cyber Opts,Per Scholas,No
D426,Data Management - Foundations,CyberSecurity,Per Scholas,No
D426,Data Management - Foundations,IT104 (OOSL-0106),Straighterline,No
D426,Data Management - Foundations,NOC Analyst,Per Scholas,No
D426,Data Management - Foundations,Software Engineering,Per Scholas,No
D426,Data Management - Foundations,Analytics 103 (SDCM-0240),Study,No
D426,Data Management - Foundations,Computer Science 303 (SDCM-0164),Study,No
D427,Data Management - Applications,Computer Science 204 (SDCM-0218),Study,No
D427,Data Management - Applications,Cyber Opts,Per Scholas,No
D427,Data Management - Applications,CyberSecurity,Per Scholas,No
D427,Data Management - Applications,NOC Analyst,Per Scholas,No
RNT1,General Physics,PHY250 (OOSL-0023) and PHY250L (OOSL-0085),Straighterline,No
VZT1,Marketing Applications,Marketing 308 (SDCM-0151),Study,No
,,,,No
,,,,No
,,,,No
,,,,No
,,,,No
,,,,No
,,,,No
,,,,No
,,,,No
,,,,No
,,,,No
,,,,No
,,,,No
,,,,No
,,,,No
,,,,No
,,,,No
,,,,No
,,,,No
,,,,No
,,,,No
,,,,No
,,,,No
,,,,No
,,,,No
,,,,No
,,,,No
,,,,No
,,,,No
,,,,No
,,,,No
,,,,No
,,,,No
,,,,No
,,,,No
,,,,No
,,,,No
,,,,No
,,,,No
,,,,No
,,,,No
,,,,No
,,,,No
,,,,No
,,,,No
,,,,No
,,,,No
,,,,No
,,,,No
,,,,No
,,,,No
,,,,No
,,,,No
,,,,No
,,,,No
,,,,No
,,,,No
,,,,No
,,,,No
,,,,No
,,,,No
,,,,No
,,,,No
,,,,No
,,,,No
,,,,No
,,,,No
,,,,No
,,,,No
,,,,No
,,,,No
,,,,No
,,,,No
,,,,No
,,,,No
,,,,No
,,,,No
,,,,No
,,,,No
,,,,No
,,,,No
,,,,No
,,,,No
,,,,No
,,,,No
,,,,No
,,,,No
,,,,No
,,,,No
,,,,No
,,,,No
,,,,No
,,,,No
,,,,No
,,,,No
,,,,No
,,,,No
,,,,No
,,,,No
,,,,No
,,,,No
,,,,No
,,,,No
,,,,No
,,,,No
,,,,No
,,,,No
,,,,No
,,,,No
,,,,No
,,,,No
,,,,No
,,,,No
,,,,No
,,,,No
,,,,No
,,,,No
,,,,No
,,,,No
,,,,No
,,,,No
,,,,No
,,,,No
,,,,No
,,,,No
,,,,No
,,,,No
,,,,No
,,,,No
,,,,No
,,,,No
,,,,No
,,,,No
,,,,No
,,,,No
,,,,No
,,,,No
,,,,No
,,,,No
,,,,No
,,,,No
,,,,No
,,,,No
,,,,No
,,,,No
,,,,No
,,,,No
,,,,No
,,,,No
,,,,No
,,,,No
,,,,No
,,,,No
,,,,No
,,,,No
,,,,No
,,,,No
,,,,No
,,,,No
,,,,No
,,,,No
,,,,No
,,,,No
,,,,No
,,,,No
,,,,No
,,,,No
,,,,No
,,,,No
,,,,No
,,,,No
,,,,No
,,,,No
,,,,No
,,,,No
,,,,No
,,,,No
,,,,No
,,,,No
,,,,No
,,,,No
,,,,No
,,,,No
,,,,No
,,,,No
,,,,No
,,,,No
,,,,No
,,,,No
,,,,No
,,,,No
,,,,No
,,,,No
,,,,No
,,,,No
,,,,No
,,,,No
,,,,No
,,,,No
,,,,No
,,,,No
,,,,No
,,,,No
,,,,No
,,,,No
,,,,No
,,,,No
,,,,No
,,,,No
,,,,No
,,,,No
,,,,No
,,,,No
,,,,No
,,,,No
,,,,No
,,,,No
,,,,No
,,,,No
,,,,No
,,,,No
,,,,No
,,,,No
,,,,No
,,,,No
,,,,No
,,,,No
,,,,No
,,,,No
,,,,No
,,,,No
,,,,No
,,,,No
,,,,No
,,,,No
,,,,No
,,,,No
,,,,No
,,,,No
,,,,No
,,,,No
,,,,No
,,,,No
,,,,No
,,,,No
,,,,No
,,,,No
,,,,No
,,,,No
,,,,No
,,,,No
,,,,No
,,,,No
,,,,No
,,,,No
,,,,No
,,,,No
,,,,No
,,,,No
,,,,No
,,,,No
,,,,No
,,,,No
,,,,No
,,,,No
,,,,No
,,,,No
,,,,No
,,,,No
,,,,No
,,,,No
,,,,No
,,,,No
,,,,No
,,,,No
,,,,No
,,,,No
,,,,No
,,,,No
,,,,No
,,,,No
,,,,No
,,,,No
,,,,No
,,,,No
,,,,No
,,,,No
,,,,No
,,,,No
,,,,No
,,,,No
,,,,No
,,,,No
,,,,No
,,,,No
,,,,No
,,,,No
,,,,No
,,,,No
,,,,No
,,,,No
,,,,No
,,,,No
,,,,No
,,,,No
,,,,No
,,,,No
,,,,No
,,,,No
,,,,No
,,,,No
,,,,No
,,,,No
,,,,No
,,,,No
,,,,No
,,,,No
,,,,No
,,,,No
,,,,No
,,,,No
,,,,No
,,,,No
,,,,No
,,,,No
,,,,No
,,,,No
,,,,No
,,,,No
,,,,No
,,,,No
,,,,No
,,,,No
,,,,No
,,,,No
,,,,No
,,,,No
,,,,No
,,,,No
,,,,No
,,,,No
,,,,No
,,,,No
,,,,No
,,,,No
,,,,No
,,,,No
,,,,No
,,,,No
,,,,No
,,,,No
,,,,No
,,,,No
,,,,No
,,,,No
,,,,No
,,,,No
,,,,No
,,,,No
,,,,No
,,,,No
,,,,No
,,,,No
,,,,No
,,,,No
,,,,No
,,,,No
,,,,No
,,,,No
,,,,No
,,,,No
,,,,No
,,,,No
,,,,No
,,,,No
,,,,No
,,,,No
,,,,No
,,,,No
,,,,No
,,,,No
,,,,No
,,,,No
,,,,No
,,,,No
,,,,No
,,,,No
,,,,No
,,,,No
,,,,No
,,,,No
,,,,No
,,,,No
,,,,No
,,,,No
,,,,No
,,,,No
,,,,No
,,,,No
,,,,No
,,,,No
,,,,No
,,,,No
,,,,No
,,,,No
,,,,No
,,,,No
,,,,No
,,,,No
,,,,No
,,,,No
,,,,No
,,,,No
,,,,No
,,,,No
,,,,No
,,,,No
,,,,No
,,,,No
,,,,No
,,,,No
,,,,No
,,,,No
,,,,No
,,,,No
,,,,No
,,,,No
,,,,No
,,,,No
,,,,No
,,,,No
,,,,No
,,,,No
,,,,No
,,,,No
,,,,No
,,,,No
,,,,No
,,,,No
,,,,No
,,,,No
,,,,No
,,,,No
,,,,No
,,,,No
,,,,No
,,,,No
,,,,No
,,,,No
,,,,No
,,,,No
,,,,No
,,,,No
,,,,No
,,,,No
,,,,No
,,,,No
,,,,No
,,,,No
,,,,No
,,,,No
,,,,No
,,,,No
,,,,No
,,,,No
,,,,No
,,,,No
,,,,No
,,,,No
,,,,No
,,,,No
,,,,No
,,,,No
,,,,No
,,,,No
,,,,No
,,,,No
,,,,No
,,,,No
,,,,No
,,,,No
,,,,No
,,,,No
,,,,No
,,,,No
,,,,No
,,,,No
,,,,No
,,,,No
,,,,No
,,,,No
,,,,No
,,,,No
,,,,No
,,,,No
,,,,No
,,,,No
,,,,No
,,,,No
,,,,No
,,,,No
,,,,No
,,,,No
,,,,No
,,,,No
,,,,No
,,,,No
,,,,No
,,,,No
,,,,No
,,,,No
,,,,No
,,,,No
,,,,No
,,,,No
,,,,No
,,,,No
,,,,No
,,,,No
,,,,No
,,,,No
,,,,No
,,,,No
,,,,No
,,,,No
,,,,No
,,,,No
,,,,No
,,,,No
,,,,No
,,,,No
,,,,No
,,,,No
,,,,No
,,,,No
,,,,No
,,,,No
,,,,No
,,,,No
,,,,No
,,,,No
,,,,No
,,,,No
,,,,No
,,,,No
,,,,No
,,,,No
,,,,No
,,,,No
,,,,No
,,,,No
,,,,No
,,,,No
,,,,No
,,,,No
,,,,No
,,,,No
,,,,No
,,,,No
,,,,No
,,,,No
,,,,No
,,,,No
,,,,No
,,,,No
,,,,No
,,,,No
,,,,No
,,,,No
,,,,No
,,,,No
,,,,No
,,,,No
,,,,No
,,,,No
,,,,No
,,,,No
,,,,No
,,,,No
,,,,No
,,,,No
,,,,No
,,,,No
,,,,No
,,,,No
,,,,No
,,,,No
,,,,No
,,,,No
,,,,No
,,,,No
,,,,No
,,,,No
,,,,No
,,,,No
,,,,No
,,,,No
,,,,No
,,,,No
,,,,No
,,,,No
,,,,No
,,,,No
,,,,No
,,,,No
,,,,No
,,,,No
,,,,No
,,,,No
,,,,No
,,,,No
,,,,No
,,,,No
,,,,No
,,,,No
,,,,No
,,,,No
,,,,No
,,,,No
,,,,No
,,,,No
,,,,No
,,,,No
,,,,No
,,,,No
,,,,No
,,,,No
,,,,No
,,,,No
,,,,No
,,,,No
,,,,No
,,,,No
,,,,No
,,,,No
,,,,No
,,,,No
,,,,No
,,,,No
,,,,No
,,,,No
,,,,No
,,,,No
,,,,No
,,,,No
,,,,No
,,,,No
,,,,No
,,,,No
,,,,No
,,,,No
,,,,No
,,,,No
,,,,No
,,,,No
,,,,No
,,,,No
,,,,No
,,,,No
,,,,No
,,,,No
,,,,No
,,,,No
,,,,No
,,,,No
,,,,No
,,,,No
,,,,No
,,,,No
,,,,No
,,,,No
,,,,No
,,,,No
,,,,No
,,,,No
,,,,No
,,,,No
,,,,No
,,,,No
,,,,No
,,,,No
,,,,No
,,,,No
,,,,No
,,,,No
,,,,No
,,,,No
,,,,No
,,,,No
,,,,No
,,,,No
,,,,No
,,,,No
,,,,No
,,,,No
,,,,No
,,,,No
,,,,No
,,,,No
,,,,No
,,,,No
,,,,No
,,,,No
,,,,No
,,,,No
,,,,No
,,,,No
,,,,No
,,,,No
,,,,No
,,,,No
,,,,No
,,,,No
,,,,No
,,,,No
,,,,No
,,,,No
,,,,No
,,,,No
,,,,No
,,,,No
,,,,No
,,,,No
,,,,No
,,,,No
,,,,No
,,,,No
,,,,No
,,,,No
,,,,No
,,,,No
,,,,No
,,,,No
,,,,No
,,,,No
,,,,No
,,,,No
,,,,No
,,,,No
,,,,No
,,,,No
,,,,No
,,,,No
,,,,No
,,,,No
,,,,No
,,,,No
,,,,No
,,,,No
,,,,No
,,,,No
,,,,No
,,,,No
,,,,No
,,,,No
,,,,No
,,,,No
,,,,No
,,,,No
,,,,No
,,,,No
,,,,No
,,,,No
,,,,No
,,,,No
,,,,No
,,,,No
,,,,No
,,,,No
,,,,No
,,,,No
,,,,No
,,,,No
,,,,No
,,,,No
,,,,No
,,,,No
,,,,No
,,,,No
,,,,No
,,,,No
,,,,No
,,,,No
,,,,No
,,,,No
,,,,No
,,,,No
,,,,No
,,,,No
,,,,No
,,,,No
,,,,No
,,,,No
,,,,No
,,,,No
,,,,No
,,,,No
,,,,No
,,,,No
,,,,No
,,,,No
,,,,No
,,,,No
,,,,No
,,,,No
,,,,No
,,,,No
,,,,No
,,,,No
,,,,No
,,,,No
,,,,No
,,,,No
,,,,No
,,,,No
,,,,No
,,,,No
,,,,No
,,,,No
,,,,No
,,,,No
,,,,No
,,,,No
,,,,No
,,,,No
,,,,No
,,,,No
,,,,No
,,,,No
,,,,No
,,,,No
,,,,No
,,,,No
,,,,No
,,,,No
,,,,No
,,,,No
,,,,No
,,,,No
,,,,No
,,,,No
,,,,No
,,,,No
,,,,No
,,,,No
,,,,No
,,,,No
,,,,No
,,,,No
,,,,No
,,,,No
,,,,No
,,,,No
,,,,No
,,,,No
,,,,No
,,,,No
,,,,No
,,,,No
,,,,No
,,,,No
,,,,No
,,,,No
,,,,No
,,,,No
,,,,No
,,,,No
,,,,No
,,,,No
,,,,No
,,,,No
,,,,No
,,,,No
,,,,No
,,,,No
,,,,No
,,,,No
,,,,No
,,,,No
,,,,No
,,,,No
,,,,No
,,,,No
,,,,No
,,,,No
,,,,No
,,,,No
,,,,No
,,,,No
,,,,No
,,,,No
,,,,No
,,,,No
,,,,No
,,,,No
,,,,No
,,,,No
,,,,No
,,,,No
,,,,No
,,,,No
,,,,No
,,,,No
,,,,No
,,,,No
,,,,No
,,,,No
,,,,No
,,,,No
,,,,No
,,,,No
,,,,No
,,,,No
,,,,No
,,,,No
,,,,No
,,,,No
,,,,No
,,,,No
,,,,No
,,,,No
,,,,No
,,,,No
,,,,No
,,,,No
,,,,No
,,,,No
,,,,No
,,,,No
,,,,No
,,,,No
,,,,No
,,,,No
,,,,No
,,,,No
,,,,No
,,,,No
,,,,No
,,,,No
,,,,No
,,,,No
,,,,No
,,,,No
,,,,No
,,,,No
,,,,No
,,,,No
,,,,No
,,,,No
,,,,No
,,,,No
,,,,No
,,,,No
,,,,No
,,,,No
,,,,No
,,,,No
,,,,No
,,,,No
,,,,No
,,,,No
,,,,No
,,,,No
,,,,No
,,,,No
,,,,No
,,,,No
,,,,No
,,,,No
,,,,No
,,,,No
,,,,No
,,,,No
,,,,No
,,,,No
,,,,No
,,,,No
,,,,No
,,,,No
,,,,No
,,,,No
,,,,No
,,,,No
,,,,No
,,,,No
,,,,No
,,,,No
,,,,No
,,,,No
,,,,No
,,,,No
,,,,No
,,,,No
,,,,No
,,,,No
,,,,No
,,,,No
,,,,No
,,,,No
,,,,No
,,,,No
,,,,No
,,,,No
,,,,No
,,,,No
,,,,No
,,,,No
,,,,No
,,,,No
,,,,No
,,,,No
,,,,No
,,,,No
,,,,No
,,,,No
,,,,No
,,,,No
,,,,No
,,,,No
,,,,No
,,,,No
,,,,No
,,,,No
,,,,No
,,,,No
,,,,No
,,,,No
,,,,No
,,,,No
,,,,No
,,,,No
,,,,No
,,,,No
,,,,No
,,,,No
,,,,No
,,,,No
,,,,No
,,,,No
,,,,No
,,,,No
,,,,No
,,,,No
,,,,No
,,,,No